prompt,setting,run,output
The capital of France is,greedy,1,The capital of France is the capital of the French Republic. The capital of France is the capital of the French Republic. The capital of France is the capital of the French Republic. The capital of France
The capital of France is,greedy,2,The capital of France is the capital of the French Republic. The capital of France is the capital of the French Republic. The capital of France is the capital of the French Republic. The capital of France
The capital of France is,greedy,3,The capital of France is the capital of the French Republic. The capital of France is the capital of the French Republic. The capital of France is the capital of the French Republic. The capital of France
The capital of France is,creative,1,The capital of France is to be used to the promotion of a new social democracy which would ensure that the whole population of France is not left alone. We will see the full scope of the revolution of
The capital of France is,creative,2,"The capital of France is still the biggest city in Europe, and it has also been the second largest city to go up there, behind London, New York, Amsterdam and New York.


"
The capital of France is,creative,3,"The capital of France is also the largest city in the world.



In March 2017, France's national police force closed its headquarters in Paris, the largest city in the world, after"
I opened the fridge and found,greedy,1,I opened the fridge and found a few things I didn't like. I was so excited to see how much I loved it. I was so excited to see how much I loved it. I was so
I opened the fridge and found,greedy,2,I opened the fridge and found a few things I didn't like. I was so excited to see how much I loved it. I was so excited to see how much I loved it. I was so
I opened the fridge and found,greedy,3,I opened the fridge and found a few things I didn't like. I was so excited to see how much I loved it. I was so excited to see how much I loved it. I was so
I opened the fridge and found,creative,1,"I opened the fridge and found a new fridge which I needed to make.
I used my own refrigerator and opened it up and put it in and put it out.
I'm not sure if it"
I opened the fridge and found,creative,2,"I opened the fridge and found a small tray with the fridge and then picked it up and turned it into a big bowl, ready to serve.











"
I opened the fridge and found,creative,3,"I opened the fridge and found it was almost empty. I did not think I could keep it. It looked pretty.

The fridge still seems empty and the kitchen is full of the stuff. I"
The number 1024 is important because,greedy,1,"The number 1024 is important because it is the number of bytes that are needed to store the data.




















"
The number 1024 is important because,greedy,2,"The number 1024 is important because it is the number of bytes that are needed to store the data.




















"
The number 1024 is important because,greedy,3,"The number 1024 is important because it is the number of bytes that are needed to store the data.




















"
The number 1024 is important because,creative,1,"The number 1024 is important because it enables us to create and update many of our databases over time, allowing us to easily update our databases over time and to allow us to be able to keep our database up"
The number 1024 is important because,creative,2,"The number 1024 is important because it is the only way to calculate the length of the range. This function is not useful, but it is very useful to try it out.





"
The number 1024 is important because,creative,3,"The number 1024 is important because it represents the actual number of requests for data (read the query):




















"
"Restaurant record: bill $19.44, tip $3.00, day Thur, time Lunch, party size 10.",greedy,1,"Restaurant record: bill $19.44, tip $3.00, day Thur, time Lunch, party size 10.00

































"
"Restaurant record: bill $19.44, tip $3.00, day Thur, time Lunch, party size 10.",greedy,2,"Restaurant record: bill $19.44, tip $3.00, day Thur, time Lunch, party size 10.00

































"
"Restaurant record: bill $19.44, tip $3.00, day Thur, time Lunch, party size 10.",greedy,3,"Restaurant record: bill $19.44, tip $3.00, day Thur, time Lunch, party size 10.00

































"
"Restaurant record: bill $19.44, tip $3.00, day Thur, time Lunch, party size 10.",creative,1,"Restaurant record: bill $19.44, tip $3.00, day Thur, time Lunch, party size 10.00, dinner time $12.00, dinner time $14.00, dinner time $15.00, dinner time $19.00, dinner time $20."
"Restaurant record: bill $19.44, tip $3.00, day Thur, time Lunch, party size 10.",creative,2,"Restaurant record: bill $19.44, tip $3.00, day Thur, time Lunch, party size 10.50, lunch $7.50, lunch $10.50, lunch $15.50, lunch $20.50, lunch $20.50, lunch $21"
"Restaurant record: bill $19.44, tip $3.00, day Thur, time Lunch, party size 10.",creative,3,"Restaurant record: bill $19.44, tip $3.00, day Thur, time Lunch, party size 10.00

































"
